[
  {
    "_id": "5b4eeea949230bc2a0ac5120",
    "index": 0,
    "guid": "e4d2d2f5-68a9-44a4-b304-11648f4dfd63",
    "isActive": true,
    "balance": "$1,697.55",
    "picture": "http://placehold.it/32x32",
    "thumbnail": "http://placehold.it/512x512",
    "age": 26,
    "eyeColor": "green",
    "name": "Flossie Hardy",
    "gender": "female",
    "company": "ZENTILITY",
    "email": "flossiehardy@zentility.com",
    "phone": "+1 (814) 437-2708",
    "address": "177 Schenck Place, Camino, Palau, 8829",
    "about": "Lorem ut non elit voluptate. Laboris proident esse ad et aute id quis ut eiusmod incididunt. Elit deserunt tempor culpa esse. Fugiat non proident anim minim. Sunt cillum anim minim cupidatat amet minim. Quis officia ea id qui.\r\n",
    "registered": "2017-07-02T06:59:25 -06:-30",
    "latitude": 42.360081,
    "longitude": -71.058884,
    "tags": [
      "pariatur",
      "dolore",
      "sunt",
      "nostrud",
      "id",
      "minim",
      "consectetur"
    ],
    "friends": [
      {
        "id": 0,
        "name": "Florine Barr"
      },
      {
        "id": 1,
        "name": "Christie Bonner"
      },
      {
        "id": 2,
        "name": "Donovan Harrell"
      }
    ],
    "greeting": "Hello, Flossie Hardy! You have 4 unread messages.",
    "favoriteFruit": "strawberry"
  },
  {
    "_id": "5b4eeea959baf89e98d5b99d",
    "index": 1,
    "guid": "f1263222-eb32-4be6-abb4-0b3e7244daaa",
    "isActive": false,
    "balance": "$2,450.08",
    "picture": "http://placehold.it/32x32",
    "thumbnail": "http://placehold.it/512x512",
    "age": 38,
    "eyeColor": "green",
    "name": "Suzanne Waller",
    "gender": "female",
    "company": "SYNTAC",
    "email": "suzannewaller@syntac.com",
    "phone": "+1 (871) 481-2587",
    "address": "253 Hoyts Lane, Haring, Florida, 623",
    "about": "Lorem ad ipsum nostrud consequat occaecat officia voluptate pariatur duis ullamco irure deserunt irure et. Excepteur exercitation anim incididunt nisi ea velit laboris. Amet voluptate laborum Lorem pariatur ea quis occaecat laborum duis excepteur cupidatat duis duis reprehenderit. Id ad non qui esse tempor elit quis fugiat mollit minim est. Proident duis ut enim consequat aliquip id tempor occaecat excepteur veniam.\r\n",
    "registered": "2015-07-21T11:15:43 -06:-30",
    "latitude": 40.712776,
    "longitude": -74.005974,
    "tags": [
      "nulla",
      "ullamco",
      "pariatur",
      "ullamco",
      "proident",
      "minim",
      "est"
    ],
    "friends": [
      {
        "id": 0,
        "name": "Juanita Lynn"
      },
      {
        "id": 1,
        "name": "Bright Short"
      },
      {
        "id": 2,
        "name": "Susan Schwartz"
      }
    ],
    "greeting": "Hello, Suzanne Waller! You have 2 unread messages.",
    "favoriteFruit": "banana"
  },
  {
    "_id": "5b4eeea9992bb39eae1445ce",
    "index": 2,
    "guid": "59b1bbc2-2dcd-40d9-9a16-a5a6d4f5f43a",
    "isActive": false,
    "balance": "$2,107.57",
    "picture": "http://placehold.it/32x32",
    "thumbnail": "http://placehold.it/512x512",
    "age": 33,
    "eyeColor": "brown",
    "name": "Abby Mann",
    "gender": "female",
    "company": "QUANTALIA",
    "email": "abbymann@quantalia.com",
    "phone": "+1 (955) 497-3145",
    "address": "519 Farragut Place, Buxton, Alabama, 6723",
    "about": "Velit cillum voluptate cillum aliquip velit. Lorem ex fugiat Lorem culpa ut reprehenderit id sit irure laboris sunt dolor. Veniam nisi Lorem aliquip do elit anim duis occaecat non adipisicing exercitation ut enim. Et nulla velit excepteur enim tempor.\r\n",
    "registered": "2014-05-07T06:20:20 -06:-30",
    "latitude": 34.052235,
    "longitude": -118.243683,
    "tags": [
      "dolore",
      "amet",
      "laborum",
      "enim",
      "sint",
      "reprehenderit",
      "nulla"
    ],
    "friends": [
      {
        "id": 0,
        "name": "English Romero"
      },
      {
        "id": 1,
        "name": "Browning Hooper"
      },
      {
        "id": 2,
        "name": "Winifred Walters"
      }
    ],
    "greeting": "Hello, Abby Mann! You have 1 unread messages.",
    "favoriteFruit": "strawberry"
  },
  {
    "_id": "5b4eeea9af3bf92cb4e98aef",
    "index": 3,
    "guid": "1003dbbd-4ffa-4ee7-949a-3c1939f85584",
    "isActive": true,
    "balance": "$2,859.88",
    "picture": "http://placehold.it/32x32",
    "thumbnail": "http://placehold.it/512x512",
    "age": 35,
    "eyeColor": "green",
    "name": "Louisa Clements",
    "gender": "female",
    "company": "APEXTRI",
    "email": "louisaclements@apextri.com",
    "phone": "+1 (853) 545-3680",
    "address": "599 Conduit Boulevard, Broadlands, Texas, 347",
    "about": "Culpa exercitation incididunt velit cillum exercitation magna non exercitation ullamco magna. Exercitation duis aliqua excepteur proident amet dolor commodo. Eiusmod ut sit qui reprehenderit ea est sint adipisicing labore ea labore laboris ut ad. Deserunt aute deserunt eu anim.\r\n",
    "registered": "2015-04-07T07:42:43 -06:-30",
    "latitude": 41.878113,
    "longitude": -87.629799,
    "tags": [
      "nisi",
      "ea",
      "non",
      "adipisicing",
      "eiusmod",
      "non",
      "reprehenderit"
    ],
    "friends": [
      {
        "id": 0,
        "name": "Ayala Cline"
      },
      {
        "id": 1,
        "name": "Hilda Klein"
      },
      {
        "id": 2,
        "name": "Diana Morin"
      }
    ],
    "greeting": "Hello, Louisa Clements! You have 9 unread messages.",
    "favoriteFruit": "banana"
  },
  {
    "_id": "5b4eeea94d315fd0555dbf0e",
    "index": 4,
    "guid": "de3d7a1d-8ccf-43d7-906b-4921370262c2",
    "isActive": false,
    "balance": "$3,163.30",
    "picture": "http://placehold.it/32x32",
    "thumbnail": "http://placehold.it/512x512",
    "age": 36,
    "eyeColor": "brown",
    "name": "Whitney Emerson",
    "gender": "female",
    "company": "UXMOX",
    "email": "whitneyemerson@uxmox.com",
    "phone": "+1 (893) 437-2429",
    "address": "853 Bethel Loop, Lynn, New Mexico, 4646",
    "about": "Sint sit id eu amet labore nisi Lorem ullamco incididunt minim non dolore excepteur. Culpa nisi enim pariatur nulla. Laboris sit labore do aute.\r\n",
    "registered": "2015-03-22T05:54:54 -06:-30",
    "latitude": 32.715736,
    "longitude": -117.161087,
    "tags": [
      "et",
      "culpa",
      "eiusmod",
      "minim",
      "eiusmod",
      "nulla",
      "dolor"
    ],
    "friends": [
      {
        "id": 0,
        "name": "Lakeisha Lowery"
      },
      {
        "id": 1,
        "name": "Gail Mccarthy"
      },
      {
        "id": 2,
        "name": "Estrada Pacheco"
      }
    ],
    "greeting": "Hello, Whitney Emerson! You have 1 unread messages.",
    "favoriteFruit": "banana"
  }
]